X,Y,X_inner,Y_inner,X_outter,Y_outter
0,0,3.06161699786838e-17,-0.5,3.06161699786838e-17,0.5
0.1,0,0.1,-0.5,0.1,0.5
0.2,0,0.2,-0.5,0.2,0.5
0.3,0,0.3,-0.5,0.3,0.5
0.4,0,0.4,-0.5,0.4,0.5
0.5,0,0.5,-0.5,0.5,0.5
0.6,0,0.6,-0.5,0.6,0.5
0.7,0,0.7,-0.5,0.7,0.5
0.8,0,0.8,-0.5,0.8,0.5
0.9,0,0.9,-0.5,0.9,0.5
1,0,1,-0.5,1,0.5
1.1,0,1.1,-0.5,1.1,0.5
1.2,0,1.2,-0.5,1.2,0.5
1.3,0,1.3,-0.5,1.3,0.5
1.4,0,1.4,-0.5,1.4,0.5
1.5,0,1.5,-0.5,1.5,0.5
1.6,0,1.6,-0.5,1.6,0.5
1.7,0,1.7,-0.5,1.7,0.5
1.8,0,1.8,-0.5,1.8,0.5
1.9,0,1.9,-0.5,1.9,0.5
2,0,2,-0.5,2,0.5
2.1,0,2.1,-0.5,2.1,0.5
2.2,0,2.2,-0.5,2.2,0.5
2.3,0,2.3,-0.5,2.3,0.5
2.4,0,2.4,-0.5,2.4,0.5
2.5,0,2.5,-0.5,2.5,0.5
2.6,0,2.6,-0.5,2.6,0.5
2.7,0,2.7,-0.5,2.7,0.5
2.8,0,2.8,-0.5,2.8,0.5
2.9,0,2.9,-0.5,2.9,0.5
3,0,3,-0.5,3,0.5
3.1,0,3.1,-0.5,3.1,0.5
3.2,0,3.2,-0.5,3.2,0.5
3.3,0,3.3,-0.5,3.3,0.5
3.4,0,3.4,-0.5,3.4,0.5
3.5,0,3.5,-0.5,3.5,0.5
3.6,0,3.6,-0.5,3.6,0.5
3.7,0,3.7,-0.5,3.7,0.5
3.8,0,3.8,-0.5,3.8,0.5
3.9,0,3.9,-0.5,3.9,0.5
4,0,4,-0.5,4,0.5
4.1,0,4.1,-0.5,4.1,0.5
4.2,0,4.2,-0.5,4.2,0.5
4.3,0,4.3,-0.5,4.3,0.5
4.4,0,4.4,-0.5,4.4,0.5
4.5,0,4.5,-0.5,4.5,0.5
4.6,0,4.6,-0.5,4.6,0.5
4.7,0,4.7,-0.5,4.7,0.5
4.8,0,4.8,-0.5,4.8,0.5
4.9,0,4.9,-0.5,4.9,0.5
5,0,5,-0.5,5,0.5
5.1,0,5.1,-0.5,5.1,0.5
5.2,0,5.2,-0.5,5.2,0.5
5.3,0,5.3,-0.5,5.3,0.5
5.4,0,5.4,-0.5,5.4,0.5
5.5,0,5.5,-0.5,5.5,0.5
5.6,0,5.6,-0.5,5.6,0.5
5.7,0,5.7,-0.5,5.7,0.5
5.8,0,5.8,-0.5,5.8,0.5
5.9,0,5.9,-0.5,5.9,0.5
6,0,6,-0.5,6,0.5
6.1,0,6.1,-0.5,6.1,0.5
6.2,0,6.2,-0.5,6.2,0.5
6.3,0,6.3,-0.5,6.3,0.5
6.4,0,6.4,-0.5,6.4,0.5
6.5,0,6.5,-0.5,6.5,0.5
6.6,0,6.6,-0.5,6.6,0.5
6.7,0,6.7,-0.5,6.7,0.5
6.8,0,6.8,-0.5,6.8,0.5
6.9,0,6.9,-0.5,6.9,0.5
7,0,7,-0.5,7,0.5
7.09999784123983,-0.000304951049412878,7.08938024149429,-0.500192204913365,7.11061544098537,0.499582302814539
7.19980573471258,-0.00612120681918554,7.15228728036177,-0.503858081579444,7.2473241890634,0.491615667941073
7.29891120968598,-0.0192950164787174,7.21475159805457,-0.512161286140226,7.38307082131738,0.473571253182791
7.39677263602782,-0.0397543826709565,7.27643181528301,-0.52505644001511,7.51711345677262,0.445547674673197
7.49285518256656,-0.0673874910968613,7.33699083801451,-0.542473068753519,7.64871952711861,0.407698086559796
7.58663374004465,-0.102043321601656,7.39609769975607,-0.564315987191077,7.77716978033322,0.360229343987766
7.67759579093973,-0.143532473528486,7.45342937034868,-0.590465819654502,7.90176221153078,0.303400872597531
7.76524421046971,-0.191628200828773,7.50867252138814,-0.6207796523722,8.02181589955128,0.237523250714654
7.84909998347353,-0.246067651272177,7.56152523862392,-0.655091814525009,8.13667472832315,0.162956511980656
7.92870482231945,-0.306553302983661,7.61169867197753,-0.693214783668506,8.24571097266137,0.0801081777011831
8.0036236715335,-0.372754590456718,7.65891861416278,-0.734940210578569,8.34832872890422,-0.0105689703348667
8.07344708545978,-0.444309711156268,7.70292699928033,-0.780040057919226,8.44396717163922,-0.10857936439331
8.13779346595827,-0.520827602837826,7.74348331319658,-0.828267846509749,8.53210361871996,-0.213387359165904
8.19631114791073,-0.601890080776504,7.78036590799879,-0.879360002379912,8.61225638782266,-0.324420159173095
8.24868032113693,-0.68705412322548,7.81337321334281,-0.933037297251504,8.68398742893106,-0.441070949199457
8.29461477821772,-0.775854292613499,7.84232483807304,-0.989006374573588,8.7469047183624,-0.562702210653411
8.33386347867255,-0.867805279249069,7.86706255609415,-1.04696135277144,8.80066440125096,-0.6886492057267
8.36621192094315,-0.962404553629549,7.88745117110659,-1.1065854969471,8.84497267077971,-0.818223610312002
8.391483314685,-1.05913511285977,7.90337925547988,-1.16755294989539,8.87958737389013,-0.950717275824152
8.41012632126034,-1.15737096148633,7.91770110290117,-1.24407392754821,8.9025515396195,-1.07066799542444
8.42746691447271,-1.25585600515816,7.93504169611355,-1.34255897122004,8.91989213283188,-1.16915303909627
8.44480750768509,-1.35434104882999,7.95238228932593,-1.44104401489188,8.93723272604426,-1.26763808276811
8.46214810089747,-1.45282609250183,7.9697228825383,-1.53952905856371,8.95457331925663,-1.36612312643994
8.47948869410984,-1.55131113617366,7.98706347575068,-1.63801410223554,8.97191391246901,-1.46460817011178
8.49682928732222,-1.64979617984549,8.00440406896305,-1.73649914590738,8.98925450568139,-1.56309321378361
8.5141698805346,-1.74828122351733,8.02174466217543,-1.83498418957921,9.00659509889376,-1.66157825745544
8.53151047374697,-1.84676626718916,8.03908525538781,-1.93346923325104,9.02393569210614,-1.76006330112728
8.54885106695935,-1.94525131086099,8.05642584860018,-2.03195427692288,9.04127628531852,-1.85854834479911
8.56619166017173,-2.04373635453282,8.07376644181256,-2.13043932059471,9.05861687853089,-1.95703338847094
8.5835322533841,-2.14222139820466,8.09110703502494,-2.22892436426654,9.07595747174327,-2.05551843214277
8.60087284659648,-2.24070644187649,8.10844762823731,-2.32740940793837,9.09329806495565,-2.15400347581461
8.61821343980886,-2.33919148554832,8.12578822144969,-2.42589445161021,9.11063865816802,-2.25248851948644
8.63555403302123,-2.43767652922016,8.14312881466207,-2.52437949528204,9.1279792513804,-2.35097356315827
8.65289462623361,-2.53616157289199,8.16046940787444,-2.62286453895387,9.14531984459278,-2.44945860683011
8.67023521944599,-2.63464661656382,8.17781000108682,-2.72134958262571,9.16266043780515,-2.54794365050194
8.68757581265836,-2.73313166023566,8.1951505942992,-2.81983462629754,9.18000103101753,-2.64642869417377
8.70491640587074,-2.83161670390749,8.21249118751158,-2.91831966996937,9.19734162422991,-2.74491373784561
8.72225699908312,-2.93010174757932,8.22983178072395,-3.01680471364121,9.21468221744228,-2.84339878151744
8.73959759229549,-3.02858679125116,8.24717237393633,-3.11528975731304,9.23202281065466,-2.94188382518927
8.75693818550787,-3.12707183492299,8.26451296714871,-3.21377480098487,9.24936340386704,-3.0403688688611
8.77427877872025,-3.22555687859482,8.28185356036108,-3.31225984465671,9.26670399707941,-3.13885391253294
8.79161937193263,-3.32404192226666,8.29919415357346,-3.41074488832854,9.28404459029179,-3.23733895620477
8.808959965145,-3.42252696593849,8.31653474678584,-3.50922993200037,9.30138518350417,-3.3358239998766
8.82630055835738,-3.52101200961032,8.33387533999821,-3.6077149756722,9.31872577671654,-3.43430904354844
8.84364115156976,-3.61949705328215,8.35121593321059,-3.70620001934404,9.33606636992892,-3.53279408722027
8.86098174478213,-3.71798209695399,8.36855652642297,-3.80468506301587,9.3534069631413,-3.6312791308921
8.87832233799451,-3.81646714062582,8.38589711963534,-3.9031701066877,9.37074755635368,-3.72976417456394
8.89566293120689,-3.91495218429765,8.40323771284772,-4.00165515035954,9.38808814956605,-3.82824921823577
8.91300352441926,-4.01343722796949,8.4205783060601,-4.10014019403137,9.40542874277843,-3.9267342619076
8.93034411763164,-4.11192227164132,8.43791889927247,-4.1986252377032,9.42276933599081,-4.02521930557944
8.94768471084402,-4.21040731531315,8.45525949248485,-4.29711028137504,9.44010992920318,-4.12370434925127
8.96502530405639,-4.30889235898499,8.47260008569723,-4.39559532504687,9.45745052241556,-4.2221893929231
8.98236589726877,-4.40737740265682,8.4899406789096,-4.4940803687187,9.47479111562794,-4.32067443659494
8.99970649048115,-4.50586244632865,8.50728127212198,-4.59256541239054,9.49213170884031,-4.41915948026677
9.01704708369352,-4.60434749000049,8.52462186533436,-4.69105045606237,9.50947230205269,-4.5176445239386
9.0343876769059,-4.70283253367232,8.54196245854673,-4.7895354997342,9.52681289526507,-4.61612956761044
9.05172827011828,-4.80131757734415,8.55930305175911,-4.88802054340604,9.54415348847744,-4.71461461128227
9.06906886333065,-4.89980262101598,8.57664364497149,-4.98650558707787,9.56149408168982,-4.8130996549541
9.08640945654303,-4.99828766468782,8.59398423818386,-5.0849906307497,9.5788346749022,-4.91158469862593
9.10375004975541,-5.09677270835965,8.61132483139624,-5.18347567442153,9.59617526811457,-5.01006974229777
9.12109064296778,-5.19525775203148,8.62866542460862,-5.28196071809337,9.61351586132695,-5.1085547859696
9.13843123618016,-5.29374279570332,8.64600601782099,-5.3804457617652,9.63085645453933,-5.20703982964143
9.15577182939254,-5.39222783937515,8.66334661103337,-5.47893080543703,9.6481970477517,-5.30552487331327
9.17311242260491,-5.49071288304698,8.68068720424575,-5.57741584910887,9.66553764096408,-5.4040099169851
9.19045301581729,-5.58919792671882,8.69802779745812,-5.6759008927807,9.68287823417646,-5.50249496065693
9.20779360902967,-5.68768297039065,8.7153683906705,-5.77438593645253,9.70021882738883,-5.60098000432877
9.22513420224204,-5.78616801406248,8.73270898388288,-5.87287098012437,9.71755942060121,-5.6994650480006
9.24247479545442,-5.88465305773432,8.75004957709525,-5.9713560237962,9.73490001381359,-5.79795009167243
9.2598153886668,-5.98313810140615,8.76739017030763,-6.06984106746803,9.75224060702596,-5.89643513534426
9.27715598187917,-6.08162314507798,8.78473076352001,-6.16832611113987,9.76958120023834,-5.9949201790161
9.29449657509155,-6.18010818874982,8.80207135673238,-6.2668111548117,9.78692179345072,-6.09340522268793
9.31183716830393,-6.27859323242165,8.81941194994476,-6.36529619848353,9.80426238666309,-6.19189026635977
9.3291777615163,-6.37707827609348,8.83675254315714,-6.46378124215537,9.82160297987547,-6.2903753100316
9.34651835472868,-6.47556331976531,8.85409313636952,-6.5622662858272,9.83894357308785,-6.38886035370343
9.36385894794106,-6.57404836343715,8.87143372958189,-6.66075132949903,9.85628416630022,-6.48734539737526
9.38119954115343,-6.67253340710898,8.88877432279427,-6.75923637317086,9.8736247595126,-6.5858304410471
9.39854013436581,-6.77101845078081,8.90611491600665,-6.8577214168427,9.89096535272498,-6.68431548471893
9.41263451286095,-6.86995882049921,8.91384108568499,-6.9046736157033,9.9114279400369,-6.83524402529511
9.41121075098095,-6.96983183979293,8.91360958552711,-6.92091272145473,9.90881191643478,-7.01875095813112
9.39315821514073,-7.06807008606429,8.91067428787952,-6.9368860171588,9.87564214240194,-7.19925415496977
9.35898209132911,-7.16192443941003,8.90511733473366,-6.95214650272329,9.81284684792457,-7.37170237609677
9.30963877143778,-7.24876845971561,8.89709423304404,-6.96626712548603,9.72218330983152,-7.5312697939452
9.24650908938789,-7.32617188551198,8.88682950298869,-6.97885273094704,9.60618867578708,-7.67349104007692
9.17135967958096,-7.39196864292756,8.87461039494888,-6.98955112085584,9.46810896421304,-7.79438616499929
9.08629353902743,-7.44431746155856,8.86077885103357,-6.99806290920191,9.31180822702128,-7.89057201391521
8.99369117663258,-7.48175340097014,8.84572193609901,-7.00414990029629,9.14166041716614,-7.959356901644
8.89614399653085,-7.50322884590002,8.82986100604374,-7.00764175449016,8.96242698701796,-7.99881593730988
8.79638177968336,-7.508142822946,8.81363991649583,-7.00844075499574,8.77912364287089,-8.00784489089625
8.69719629310893,-7.496357818333,8.7975126018629,-7.00652454241355,8.59687998435495,-7.98619109425245
8.60136316448421,-7.46820362612771,8.78193037233552,-7.0019467404426,8.4207959566329,-7.93446051181283
8.51156420839051,-7.42446811921152,8.7673292843271,-6.99483545526341,8.25579913245392,-7.85410078315963
8.43031237784622,-7.3663752012788,8.75411793777888,-6.98538969058752,8.10650681791357,-7.74736071197009
8.35955823185549,-7.29583645379661,8.7298393094311,-6.9598425199385,7.98927715427988,-7.63183038765472
8.29235944508386,-7.22178023828149,8.66264052265947,-6.88578630442338,7.92207836750825,-7.55777417213959
8.22516065831224,-7.14772402276637,8.59544173588785,-6.81173008890826,7.85487958073663,-7.48371795662447
8.15796187154062,-7.07366780725124,8.52824294911623,-6.73767387339314,7.78768079396501,-7.40966174110935
8.090763084769,-6.99961159173612,8.46104416234461,-6.66361765787802,7.72048200719339,-7.33560552559423
8.02356429799738,-6.925555376221,8.39384537557299,-6.58956144236289,7.65328322042177,-7.26154931007911
7.95636551122576,-6.85149916070588,8.32664658880137,-6.51550522684777,7.58608443365015,-7.18749309456398
7.88916672445414,-6.77744294519076,8.25944780202975,-6.44144901133265,7.51888564687853,-7.11343687904886
7.82196793768252,-6.70338672967563,8.19224901525813,-6.36739279581753,7.45168686010691,-7.03938066353374
7.7547691509109,-6.62933051416051,8.12505022848651,-6.29333658030241,7.38448807333529,-6.96532444801862
7.68757036413928,-6.55527429864539,8.05785144171489,-6.21928036478728,7.31728928656366,-6.89126823250349
7.62037157736765,-6.48121808313027,7.99065265494326,-6.14522414927216,7.25009049979204,-6.81721201698837
7.55317279059603,-6.40716186761515,7.92345386817164,-6.07116793375704,7.18289171302042,-6.74315580147325
7.48597400382441,-6.33310565210002,7.85625508140002,-5.99711171824192,7.1156929262488,-6.66909958595813
7.41877521705279,-6.2590494365849,7.7890562946284,-5.9230555027268,7.04849413947718,-6.59504337044301
7.35157643028117,-6.18499322106978,7.72185750785678,-5.84899928721167,6.98129535270556,-6.52098715492788
7.28437764350955,-6.11093700555466,7.65465872108516,-5.77494307169655,6.91409656593394,-6.44693093941276
7.21717885673793,-6.03688079003954,7.58745993431354,-5.70088685618143,6.84689777916232,-6.37287472389764
7.14998006996631,-5.96282457452441,7.52026114754192,-5.62683064066631,6.7796989923907,-6.29881850838252
7.08278128319469,-5.88876835900929,7.4530623607703,-5.55277442515119,6.71250020561908,-6.2247622928674
7.01558249642306,-5.81471214349417,7.38586357399867,-5.47871820963606,6.64530141884745,-6.15070607735227
6.94838370965144,-5.74065592797905,7.31866478722705,-5.40466199412094,6.57810263207583,-6.07664986183715
6.88118492287982,-5.66659971246392,7.25146600045543,-5.33060577860582,6.51090384530421,-6.00259364632203
6.81760132966573,-5.58949490227433,7.22222030509795,-5.29575439652107,6.41298235423351,-5.88323540802759
6.76407672075411,-5.50510291657481,7.20227043757132,-5.2642995392274,6.3258830039369,-5.74590629392222
6.72153244762073,-5.41467683718948,7.18641319675655,-5.23059563477348,6.25665169848491,-5.59875803960547
6.6906372386488,-5.31963801842561,7.17489783328672,-5.19517245499168,6.20637664401087,-5.44410358185953
6.67187671743989,-5.22148031952522,7.16790535038103,-5.15858679599107,6.17584808449874,-5.28437384305937
6.6655457695824,-5.12174662357106,7.16554565876173,-5.12141372620718,6.16554588040307,-5.12207952093494
6.6707195099659,-5.02191119086726,7.16935171300333,-5.05886962825353,6.17208730692846,-4.984952753481
6.67811119744315,-4.92218475025978,7.17674340048058,-4.95914318764604,6.17947899440571,-4.88522631287351
6.6855028849204,-4.82245830965229,7.18413508795784,-4.85941674703856,6.18687068188297,-4.78549987226602
6.69289457239765,-4.72273186904481,7.19152677543509,-4.75969030643107,6.19426236936022,-4.68577343165854
6.70028625987491,-4.62300542843732,7.19891846291234,-4.65996386582358,6.20165405683747,-4.58604699105105
6.70767794735216,-4.52327898782983,7.2063101503896,-4.5602374252161,6.20904574431473,-4.48632055044356
6.71506963482941,-4.42355254722234,7.21370183786685,-4.46051098460861,6.21643743179198,-4.38659410983608
6.72246132230667,-4.32382610661486,7.2210935253441,-4.36078454400112,6.22382911926923,-4.28686766922859
6.72985300978392,-4.22409966600737,7.22848521282136,-4.26105810339364,6.23122080674649,-4.1871412286211
6.73724469726117,-4.12437322539988,7.23587690029861,-4.16133166278615,6.23861249422374,-4.08741478801362
6.74463638473843,-4.02464678479239,7.24326858777586,-4.06160522217866,6.24600418170099,-3.98768834740613
6.75202807221568,-3.92492034418491,7.25066027525312,-3.96187878157118,6.25339586917825,-3.88796190679864
6.75941975969293,-3.82519390357742,7.25805196273037,-3.86215234096369,6.2607875566555,-3.78823546619115
6.76681144717019,-3.72546746296994,7.26544365020762,-3.7624259003562,6.26817924413275,-3.68850902558367
6.77420313464744,-3.62574102236245,7.27283533768487,-3.66269945974871,6.27557093161001,-3.58878258497618
6.78159482212469,-3.52601458175496,7.28022702516213,-3.56297301914123,6.28296261908726,-3.48905614436869
6.78898650960195,-3.42628814114747,7.28761871263938,-3.46324657853374,6.29035430656451,-3.38932970376121
6.7963781970792,-3.32656170053999,7.29501040011663,-3.36352013792625,6.29774599404177,-3.28960326315372
6.80376988455645,-3.2268352599325,7.30240208759389,-3.26379369731877,6.30513768151902,-3.18987682254624
6.81116157203371,-3.12710881932501,7.30979377507114,-3.16406725671128,6.31252936899627,-3.09015038193875
6.81855325951096,-3.02738237871752,7.31718546254839,-3.06434081610379,6.31992105647353,-2.99042394133126
6.82594494698821,-2.92765593811004,7.32457715002565,-2.96461437549631,6.32731274395078,-2.89069750072377
6.83333663446547,-2.82792949750255,7.3319688375029,-2.86488793488882,6.33470443142803,-2.79097106011629
6.84072832194272,-2.72820305689507,7.33936052498015,-2.76516149428133,6.34209611890528,-2.6912446195088
6.84812000941997,-2.62847661628758,7.34675221245741,-2.66543505367384,6.34948780638254,-2.59151817890131
6.85550719456094,-2.52874984750613,7.35427167566915,-2.56387807525618,6.35674271345273,-2.49362161975608
6.85508010704531,-2.42884346047782,7.3535260268535,-2.38945228092497,6.35663418723711,-2.46823464003067
6.83980909906303,-2.33011015865922,7.32686449122224,-2.21707456705797,6.35275370690383,-2.44314575026047
6.81003338512021,-2.23474310233476,7.27487930077806,-2.05057395536326,6.34518746946236,-2.41891224930627
6.76641437238195,-2.14486067746462,7.19872520121427,-1.89364891963008,6.33410354354964,-2.39607243529916
6.70992096885218,-2.06245944003204,7.1000938015785,-1.74978523162605,6.31974813612585,-2.37513364843804
6.64180806104507,-1.98936976659689,6.98117599860463,-1.62217853173886,6.3024401234855,-2.35656100145493
6.56358863922335,-1.92721519618832,6.84461331038017,-1.51366334429885,6.28256396806654,-2.34076704807778
6.47700018938469,-1.87737636667424,6.69343920037319,-1.42665011436324,6.26056117839618,-2.32810261898523
6.38396609852998,-1.84096034668802,6.53101169518661,-1.36307166456226,6.23692050187335,-2.31884902881378
6.28655293051766,-1.81877604434153,6.36093879279996,-1.32434026136004,6.21216706823536,-2.31321182732302
6.18692452363705,-1.81131484403778,6.18801835404081,-1.31131604050416,6.18583069323329,-2.31131364757139
6.08692476293032,-1.81109607795702,6.08801859333408,-1.31109727442341,6.08583093252656,-2.31109488149064
5.9869250022236,-1.81087731187627,5.98801883262736,-1.31087850834266,5.98583117181984,-2.31087611540989
5.88692524151688,-1.81065854579552,5.88801907192064,-1.3106597422619,5.88583141111312,-2.31065734932914
5.78692548081015,-1.81043977971477,5.78801931121391,-1.31044097618115,5.78583165040639,-2.31043858324838
5.68692572010343,-1.81022101363401,5.68801955050719,-1.3102222101004,5.68583188969967,-2.31021981716763
5.58692595939671,-1.81000224755326,5.58801978980047,-1.31000344401965,5.58583212899295,-2.31000105108688
5.48692619868999,-1.80978348147251,5.48802002909375,-1.30978467793889,5.48583236828622,-2.30978228500613
5.38692643798326,-1.80956471539176,5.38802026838702,-1.30956591185814,5.3858326075795,-2.30956351892537
5.28692667727654,-1.80934594931101,5.2880205076803,-1.30934714577739,5.28583284687277,-2.30934475284462
5.18692691656982,-1.80912718323025,5.18802074697358,-1.30912837969664,5.18583308616605,-2.30912598676387
5.08692715586309,-1.8089084171495,5.08802098626685,-1.30890961361588,5.08583332545933,-2.30890722068312
4.98692739515637,-1.80868965106875,4.98802122556013,-1.30869084753513,4.98583356475261,-2.30868845460236
4.88692763444964,-1.808470884988,4.88802146485341,-1.30847208145438,4.88583380404588,-2.30846968852161
4.78692787374292,-1.80825211890724,4.78802170414668,-1.30825331537363,4.78583404333916,-2.30825092244086
4.6869281130362,-1.80803335282649,4.68802194343996,-1.30803454929287,4.68583428263244,-2.30803215636011
4.58692835232947,-1.80781458674574,4.58802218273324,-1.30781578321212,4.58583452192571,-2.30781339027935
4.48692919494309,-1.80775999006605,4.4792293717345,-1.30781928085889,4.49462901815168,-2.3077006992732
4.38716138425363,-1.81400416870084,4.33246561221135,-1.31700479996814,4.4418571562959,-2.31100353743354
4.28842339632031,-1.82960594922335,4.18721677677335,-1.33995584949919,4.38963001586728,-2.31925604894751
4.19159094652991,-1.85442695815087,4.04477108936311,-1.37646887469426,4.33841080369672,-2.33238504160749
4.09752284989368,-1.888247055901,3.90639191257139,-1.42622003851099,4.28865378721597,-2.350274073291
4.00705340414598,-1.93076628922774,3.77330654276974,-1.48876809375998,4.24080026552222,-2.3727644846955
3.92098499028859,-1.98160755153175,3.64669532511737,-1.5635582965626,4.19527465545981,-2.3996568065009
3.84008095620724,-2.04031992744991,3.52768118498227,-1.64992732642039,4.15248072743221,-2.43071252847942
3.765058846476,-2.10638269206102,3.41731966862319,-1.74710916925945,4.11279802432881,-2.4656562148626
3.69658403839506,-2.17920992923826,3.31658958146246,-1.85424191127265,4.07657849532765,-2.50417794720388
3.63526384070443,-2.25815572818775,3.22638430697979,-1.97037538330451,4.04414337442908,-2.54593607307099
3.58164210731243,-2.34251991208488,3.14750388322013,-2.09447958798014,4.01578033140473,-2.59056023618962
3.53619441381036,-2.43155424800049,3.08064790719014,-2.22545383483711,3.99174092043058,-2.63765466116387
3.49932383955326,-2.52446908304066,3.02640933007439,-2.36213650244033,3.97223834903212,-2.68680166364099
3.47135739271569,-2.62044034784358,2.98526919830221,-2.50331534089865,3.95744558712916,-2.73756535478851
3.45254311002922,-2.71861686531891,2.95759238710715,-2.6477382234095,3.94749383295129,-2.78949550722832
3.44304785692412,-2.81812789980787,2.94362436441829,-2.79412425147515,3.94247134942995,-2.84213154814058
3.44295584758602,-2.91809087970979,2.94348901378488,-2.94117511529743,3.94242268138716,-2.89500664412215
3.45226789805336,-3.01761922508278,2.95718753564289,-3.08758660859484,3.94734826046382,-2.94765184157072
3.47090141897985,-3.11583021079453,2.98459843666825,-3.23206019571599,3.95720440129145,-2.99960022587307
3.49869114812625,-3.21185279548459,3.02547860731116,-3.37331452845972,3.97190368894133,-3.05039106250946
3.53539061608481,-3.30483534690232,3.07946547795487,-3.51009681045843,3.99131575421475,-3.09957388334621
3.58067433223689,-3.39395319510373,3.14608023457556,-3.64119390833263,4.01526842989821,-3.14671248187482
3.633346229542,-3.47894009922327,3.21215302268133,-3.7483770723625,4.05453943640266,-3.20950312608404
3.68723362416985,-3.56317874059541,3.26604041730918,-3.83261571373463,4.10842683103051,-3.29374176745618
3.74112101879769,-3.64741738196754,3.31992781193702,-3.91685435510677,4.16231422565835,-3.37798040882831
3.79500841342554,-3.73165602333967,3.37381520656487,-4.0010929964789,4.2162016202862,-3.46221905020044
3.84889580805338,-3.81589466471181,3.42770260119272,-4.08533163785103,4.27008901491405,-3.54645769157258
3.90278320268123,-3.90013330608394,3.48158999582056,-4.16957027922316,4.32397640954189,-3.63069633294471
3.95667059730907,-3.98437194745607,3.53547739044841,-4.2538089205953,4.37786380416974,-3.71493497431684
4.01055799193692,-4.0686105888282,3.58936478507625,-4.33804756196743,4.43175119879758,-3.79917361568898
4.06444538656476,-4.15284923020034,3.6432521797041,-4.42228620333956,4.48563859342543,-3.88341225706111
4.11833278119261,-4.23708787157247,3.69713957433194,-4.5065248447117,4.53952598805328,-3.96765089843324
4.17222017582045,-4.3213265129446,3.75102696895979,-4.59076348608383,4.59341338268112,-4.05188953980537
4.2261075704483,-4.40556515431674,3.80491436358764,-4.67500212745596,4.64730077730897,-4.13612818117751
4.27999496507615,-4.48980379568887,3.85880175821548,-4.7592407688281,4.70118817193681,-4.22036682254964
4.33388235970399,-4.574042437061,3.91268915284333,-4.84347941020023,4.75507556656466,-4.30460546392177
4.38776975433184,-4.65828107843314,3.96657654747117,-4.92771805157236,4.8089629611925,-4.38884410529391
4.44165714895968,-4.74251971980527,4.02046394209902,-5.0119566929445,4.86285035582035,-4.47308274666604
4.49554454358753,-4.8267583611774,4.07435133672686,-5.09619533431663,4.91673775044819,-4.55732138803817
4.54943193821537,-4.91099700254953,4.12823873135471,-5.18043397568876,4.97062514507604,-4.6415600294103
4.60331933284322,-4.99523564392167,4.18212612598255,-5.26467261706089,5.02451253970388,-4.72579867078244
4.65720672747107,-5.0794742852938,4.2360135206104,-5.34891125843303,5.07839993433173,-4.81003731215457
4.71109412209891,-5.16371292666593,4.28990091523825,-5.43314989980516,5.13228732895958,-4.8942759535267
4.76498151672676,-5.24795156803807,4.34378830986609,-5.51738854117729,5.18617472358742,-4.97851459489884
4.8188689113546,-5.3321902094102,4.39767570449394,-5.60162718254943,5.24006211821527,-5.06275323627097
4.87275630598245,-5.41642885078233,4.45156309912178,-5.68586582392156,5.29394951284311,-5.1469918776431
4.92664370061029,-5.50066749215447,4.50545049374963,-5.77010446529369,5.34783690747096,-5.23123051901524
4.98053109523814,-5.5849061335266,4.55933788837747,-5.85434310666582,5.4017243020988,-5.31546916038737
5.03441848986598,-5.66914477489873,4.61322528300532,-5.93858174803796,5.45561169672665,-5.3997078017595
5.08830588449383,-5.75338341627086,4.66711267763316,-6.02282038941009,5.50949909135449,-5.48394644313163
5.14219327912168,-5.837622057643,4.72100007226101,-6.10705903078222,5.56338648598234,-5.56818508450377
5.19608067374952,-5.92186069901513,4.77488746688886,-6.19129767215436,5.61727388061019,-5.6524237258759
5.24996806837737,-6.00609934038726,4.8287748615167,-6.27553631352649,5.67116127523803,-5.73666236724803
5.30385546300521,-6.0903379817594,4.88266225614455,-6.35977495489862,5.72504866986588,-5.82090100862017
5.35774285763306,-6.17457662313153,4.93654965077239,-6.44401359627076,5.77893606449372,-5.9051396499923
5.4116302522609,-6.25881526450366,4.99043704540024,-6.52825223764289,5.83282345912157,-5.98937829136443
5.46551764688875,-6.3430539058758,5.04432444002808,-6.61249087901502,5.88671085374942,-6.07361693273657
5.51940504151659,-6.42729254724793,5.09821183465593,-6.69672952038716,5.94059824837726,-6.1578555741087
5.57329243614444,-6.51153118862006,5.15209922928378,-6.78096816175929,5.99448564300511,-6.24209421548083
5.62717983077228,-6.59576982999219,5.20598662391162,-6.86520680313142,6.04837303763295,-6.32633285685297
5.68106722540013,-6.68000847136433,5.25987401853947,-6.94944544450355,6.1022604322608,-6.4105714982251
5.72868830750037,-6.76784125902583,5.27297489249805,-6.97357235387277,6.18440172250269,-6.56211016417888
5.7630694515889,-6.86165118295909,5.28233972771215,-6.99912457158897,6.24379917546565,-6.72417779432921
5.78348378281599,-6.95945517049412,5.28790024214574,-7.02576470387161,6.27906732348624,-6.89314563711662
5.78949974792181,-7.05918567265392,5.28953888807691,-7.05292958576562,6.2894606077667,-7.06544175954222
5.78099017108446,-7.15873441448047,5.28722102498841,-7.08004495925568,6.27475931718051,-7.23742386970526
5.75813494238131,-7.25599696337843,5.28099565185846,-7.10653761292035,6.23527423290416,-7.40545631383651
5.72141721496302,-7.34891721623235,5.27099437133612,-7.13184749946131,6.17184005858992,-7.56598693300339
5.67161319133087,-7.43553086485224,5.25742860769797,-7.15543957494689,6.08579777496376,-7.71562215475759
5.60977571463274,-7.51400692089998,5.24058513739802,-7.17681510949126,5.97896629186745,-7.85119873230871
5.537212011853,-7.58268642247138,5.22082002669353,-7.19552223026497,5.85360399701248,-7.9698506146778
5.45545605939928,-7.6401175040874,5.19855110450382,-7.2111654739603,5.71236101429475,-8.0690695342145
5.36623615526963,-7.68508608872486,5.17424912962363,-7.22341414677516,5.55822318091563,-8.14675803067455
5.27143838331562,-7.71664155306554,5.14842783901367,-7.23200931518765,5.39444892761757,-8.20127379094344
5.17306674195659,-7.73411682340766,5.1216330875448,-7.2367692797384,5.22450039636838,-8.23146436707693
5.07319205990272,-7.7377062232962,5.07417412323506,-7.23770718774552,5.07220999657038,-8.23770525884688
4.97319225279258,-7.73750981062973,4.97417431612492,-7.23751077507905,4.97221018946024,-8.23750884618041
4.87319244568244,-7.73731339796326,4.87417450901478,-7.23731436241258,4.8722103823501,-8.23731243351395
4.77319263857231,-7.7371169852968,4.77417470190465,-7.23711794974612,4.77221057523997,-8.23711602084748
4.67319283146217,-7.73692057263033,4.67417489479451,-7.23692153707965,4.67221076812984,-8.23691960818101
4.57319302435204,-7.73672415996386,4.57417508768438,-7.23672512441318,4.5722109610197,-8.23672319551454
4.4731932172419,-7.73652774729739,4.47417528057424,-7.23652871174671,4.47221115390956,-8.23652678284807
4.37319341013176,-7.73633133463092,4.3741754734641,-7.23633229908024,4.37221134679942,-8.23633037018161
4.27319360302163,-7.73613492196446,4.27417566635397,-7.23613588641378,4.27221153968929,-8.23613395751514
4.17319379591149,-7.73593850929799,4.17417585924383,-7.23593947374731,4.17221173257915,-8.23593754484867
4.07319398880136,-7.73574209663152,4.0741760521337,-7.23574306108084,4.07221192546902,-8.2357411321822
3.97319418169122,-7.73554568396505,3.97417624502356,-7.23554664841437,3.97221211835888,-8.23554471951573
3.87319437458108,-7.73534927129858,3.87417643791342,-7.2353502357479,3.87221231124874,-8.23534830684927
3.77319456747095,-7.73515285863212,3.77417663080329,-7.23515382308144,3.77221250413861,-8.2351518941828
3.67319476036081,-7.73495644596565,3.67417682369315,-7.23495741041497,3.67221269702847,-8.23495548151633
3.57319495325067,-7.73476003329918,3.57417701658301,-7.2347609977485,3.57221288991833,-8.23475906884986
3.47319514614054,-7.73456362063271,3.47417720947288,-7.23456458508203,3.4722130828082,-8.23456265618339
3.3731953390304,-7.73436720796624,3.37417740236274,-7.23436817241556,3.37221327569806,-8.23436624351693
3.27319553192027,-7.73417079529978,3.27417759525261,-7.2341717597491,3.27221346858793,-8.23416983085046
3.17319572481013,-7.73397438263331,3.17417778814247,-7.23397534708263,3.17221366147779,-8.23397341818399
3.07319591769999,-7.73377796996684,3.07417798103233,-7.23377893441616,3.07221385436765,-8.23377700551752
2.97319611058986,-7.73358155730037,2.9741781739222,-7.23358252174969,2.97221404725752,-8.23358059285105
2.87319630347972,-7.73338514463391,2.87417836681206,-7.23338610908322,2.87221424014738,-8.23338418018459
2.77319649636959,-7.73318873196744,2.77417855970193,-7.23318969641676,2.77221443303725,-8.23318776751812
2.67319668925945,-7.73299231930097,2.67417875259179,-7.23299328375029,2.67221462592711,-8.23299135485165
2.57319688214931,-7.7327959066345,2.57417894548165,-7.23279687108382,2.57221481881697,-8.23279494218518
2.47319707503918,-7.73259949396803,2.47417913837152,-7.23260045841735,2.47221501170684,-8.23259852951871
2.37319726792904,-7.73240308130157,2.37417933126138,-7.23240404575088,2.3722152045967,-8.23240211685225
2.27319746081891,-7.7322066686351,2.27417952415125,-7.23220763308442,2.27221539748657,-8.23220570418578
2.17319765370877,-7.73201025596863,2.17417971704111,-7.23201122041795,2.17221559037643,-8.23200929151931
2.07319784659863,-7.73181384330216,2.07417990993097,-7.23181480775148,2.07221578326629,-8.23181287885284
1.97319803948849,-7.73161743063569,1.97418010282083,-7.23161839508501,1.97221597615615,-8.23161646618637
1.87319823237836,-7.73142101796923,1.8741802957107,-7.23142198241854,1.87221616904602,-8.23142005351991
1.77319842526823,-7.73122460530276,1.77418048860057,-7.23122556975208,1.77221636193589,-8.23122364085344
1.67319861815809,-7.73102819263629,1.67418068149043,-7.23102915708561,1.67221655482575,-8.23102722818697
1.57319881104795,-7.73083177996982,1.57418087438029,-7.23083274441914,1.57221674771561,-8.2308308155205
1.47319900393781,-7.73063536730335,1.47418106727015,-7.23063633175267,1.47221694060547,-8.23063440285403
1.37319919682768,-7.73043895463689,1.37418126016001,-7.2304399190862,1.37221713349534,-8.23043799018757
1.27319938971754,-7.73024254197042,1.27418145304988,-7.23024350641974,1.27221732638521,-8.2302415775211
1.17319958260741,-7.73004612930395,1.17418164593975,-7.23004709375327,1.17221751927507,-8.23004516485463
1.07319977549727,-7.72984971663748,1.07418183882961,-7.2298506810868,1.07221771216493,-8.22984875218816
0.973199968387132,-7.72965330397101,0.974182031719471,-7.22965426842033,0.972217905054792,-8.22965233952169
0.873200161276994,-7.72945689130455,0.874182224609334,-7.22945785575386,0.872218097944654,-8.22945592685523
0.773200354166864,-7.72926047863808,0.774182417499204,-7.2292614430874,0.772218290834524,-8.22925951418876
0.673200547056726,-7.72906406597161,0.674182610389065,-7.22906503042093,0.672218483724386,-8.22906310152229
0.573200739946588,-7.72886765330514,0.574182803278928,-7.22886861775446,0.572218676614249,-8.22886668885582
0.473200932836451,-7.72867124063867,0.474182996168791,-7.22867220508799,0.472218869504111,-8.22867027618936
0.373201125726313,-7.72847482797221,0.374183189058653,-7.22847579242153,0.372219062393973,-8.22847386352289
0.273201318616183,-7.72827841530574,0.274183381948522,-7.22827937975506,0.272219255283843,-8.22827745085642
0.173201511506045,-7.72808200263927,0.174183574838385,-7.22808296708859,0.172219448173705,-8.22808103818995
0.073201704395907,-7.7278855899728,0.0741837677282468,-7.22788655442212,0.0722196410635672,-8.22788462552348
-0.0267981027142303,-7.72768917730633,-0.0258160393818906,-7.22769014175565,-0.0277801660465701,-8.22768821285702
-0.126797909824368,-7.72749276463987,-0.125815846492028,-7.22749372908919,-0.127779973156707,-8.22749180019055
-0.226797716934499,-7.7272963519734,-0.225815653602159,-7.22729731642272,-0.227779780266839,-8.22729538752408
-0.326797524044636,-7.72709993930693,-0.325815460712296,-7.22710090375625,-0.327779587376976,-8.22709897485761
-0.426797331154773,-7.72690352664046,-0.425815267822434,-7.22690449108978,-0.427779394487113,-8.22690256219114
-0.526797138264912,-7.72670711397399,-0.525815074932572,-7.22670807842331,-0.527779201597252,-8.22670614952468
-0.626796945375049,-7.72651070130753,-0.625814882042709,-7.22651166575685,-0.627779008707389,-8.22650973685821
-0.726796752485179,-7.72631428864106,-0.72581468915284,-7.22631525309038,-0.727778815817519,-8.22631332419174
-0.826754400575084,-7.72410869749271,-0.797265106306992,-7.22497907352358,-0.856243694843175,-8.22323832146185
-0.926232654628083,-7.71417818323727,-0.856471063174483,-7.21906878082417,-0.995994246081683,-8.20928758565037
-1.02458184782926,-7.69623453980879,-0.915005042746734,-7.208389355567,-1.13415865291178,-8.18407972405059
-1.12115758835671,-7.67039533540184,-0.972483525682996,-7.19301077020509,-1.26983165103043,-8.14777990059859
-1.21532710419306,-7.63682987056135,-1.02852990834135,-7.17303378646626,-1.40212430004478,-8.10062595465644
-1.30663821873434,-7.59610166947008,-1.09411825738627,-7.14351436736294,-1.5191581800824,-8.04868897157721
-1.39715567915577,-7.55359767720046,-1.1846357178077,-7.10101037509333,-1.60967564050383,-8.0061849793076
-1.4876731395772,-7.51109368493085,-1.27515317822913,-7.05850638282371,-1.70019310092526,-7.96368098703799
-1.57819059999862,-7.46858969266124,-1.36567063865056,-7.0160023905541,-1.79071056134669,-7.92117699476837
-1.66870806042005,-7.42608570039162,-1.45618809907199,-6.97349839828449,-1.88122802176812,-7.87867300249876
-1.75922552084148,-7.38358170812201,-1.54670555949341,-6.93099440601488,-1.97174548218954,-7.83616901022915
-1.8497429812629,-7.3410777158524,-1.63722301991484,-6.88849041374526,-2.06226294261097,-7.79366501795954
-1.94026044168433,-7.29857372358279,-1.72774048033627,-6.84598642147565,-2.1527804030324,-7.75116102568992
-2.03077790210576,-7.25606973131317,-1.8182579407577,-6.80348242920603,-2.24329786345383,-7.70865703342031
-2.12129536252719,-7.21356573904356,-1.90877540117913,-6.76097843693642,-2.33381532387526,-7.6661530411507
-2.21181282294861,-7.17106174677395,-1.99929286160055,-6.71847444466681,-2.42433278429668,-7.62364904888109
-2.30233028337004,-7.12855775450434,-2.08981032202198,-6.6759704523972,-2.51485024471811,-7.58114505661147
-2.39284774379147,-7.08605376223472,-2.18032778244341,-6.63346646012758,-2.60536770513953,-7.53864106434186
-2.4833652042129,-7.04354976996511,-2.27084524286483,-6.59096246785797,-2.69588516556096,-7.49613707207225
-2.57388266463433,-7.00104577769549,-2.36136270328626,-6.54845847558836,-2.78640262598239,-7.45363307980263
-2.66440012505575,-6.95854178542588,-2.45188016370769,-6.50595448331875,-2.87692008640381,-7.41112908753302
-2.75491758547719,-6.91603779315627,-2.54239762412912,-6.46345049104913,-2.96743754682525,-7.3686250952634
-2.84543504589861,-6.87353380088666,-2.63291508455054,-6.42094649877952,-3.05795500724667,-7.32612110299379
-2.93595250632004,-6.83102980861704,-2.72343254497197,-6.37844250650991,-3.1484724676681,-7.28361711072418
-3.02646996674147,-6.78852581634743,-2.8139500053934,-6.33593851424029,-3.23898992808953,-7.24111311845457
-3.11698742716289,-6.74602182407782,-2.90446746581483,-6.29343452197068,-3.32950738851096,-7.19860912618495
-3.20750488758432,-6.7035178318082,-2.99498492623626,-6.25093052970107,-3.42002484893239,-7.15610513391534
-3.29802234800574,-6.66101383953859,-3.08550238665768,-6.20842653743146,-3.51054230935381,-7.11360114164573
-3.38853980842717,-6.61850984726898,-3.17601984707911,-6.16592254516184,-3.60105976977524,-7.07109714937612
-3.4790572688486,-6.57600585499937,-3.26653730750054,-6.12341855289223,-3.69157723019667,-7.0285931571065
-3.56957472927003,-6.53350186272975,-3.35705476792197,-6.08091456062261,-3.7820946906181,-6.98608916483689
-3.66009218969146,-6.49099787046014,-3.4475722283434,-6.038410568353,-3.87261215103952,-6.94358517256728
-3.75041722713311,-6.44809329629514,-3.52601708440194,-6.00127725367555,-3.97481736986428,-6.89490933891473
-3.83792776437306,-6.39975314505558,-3.57917472933928,-5.97191337731442,-4.09668079940685,-6.82759291279673
-3.92137737345972,-6.34469838056446,-3.62986559274724,-5.93847075754278,-4.2128891541722,-6.75092600358613
-4.00025193129275,-6.28326818866721,-3.67777737425512,-5.90115543035707,-4.32272648833039,-6.66538094697735
-4.07406550111757,-6.21584103345801,-3.72261489508471,-5.86019729104275,-4.42551610715044,-6.57148477587327
-4.1423633263238,-6.1428323256076,-3.76410191661161,-5.81584867781684,-4.52062473603599,-6.46981597339835
-4.20472463214659,-6.06469186306759,-3.80198284223851,-5.76838281720224,-4.60746642205467,-6.36100090893294
-4.26076521800977,-5.98190105991893,-3.83602429209531,-5.71809214071164,-4.68550614392424,-6.24570997912623
-4.3101398245399,-5.89496998043706,-3.86601654086476,-5.66528648321184,-4.75426310821504,-6.12465347766228
-4.35254426066807,-5.80443419664667,-3.89177480987514,-5.61029117406802,-4.81331371146101,-5.99857721922532
-4.38771727771489,-5.71085148872628,-3.91314040549961,-5.55344503282829,-4.86229414993017,-5.86825794462426
-4.41544217891244,-5.614798408591,-3.9299816968488,-5.49509828179684,-4.90090266097608,-5.73449853538517
-4.43554815444729,-5.51686672782486,-3.94219492673299,-5.43561038835597,-4.92890138216158,-5.59812306729375
-4.44791133379935,-5.41765979184659,-3.94970485089779,-5.37534785033048,-4.9461178167009,-5.45997173336269
-4.45245554889345,-5.31778880277034,-3.95246520159509,-5.31468193803813,-4.95244589619181,-5.32089566750255
-4.44915280336175,-5.21786905386232,-3.95045897263307,-5.2539864069375,-4.94784663409043,-5.18175170078714
-4.43559346913333,-5.11887038362085,-3.94601242006735,-5.22041050571776,-4.92517451819931,-5.01733026152394
-4.40864290296541,-5.02265192461083,-3.93754901886857,-5.19019461280268,-4.87973678706225,-4.85510923641899
-4.36878642821082,-4.93102340126155,-3.92503272017133,-5.16142011695255,-4.81254013625031,-4.70062668557054
-4.31677304591765,-4.84570673856627,-3.90869873596817,-5.13462776161454,-4.72484735586713,-4.556785715518
-4.25358021528401,-4.76830524615468,-3.88885402193853,-5.11032104094743,-4.61830640862948,-4.42628945136193
-4.18039548479901,-4.70027348816717,-3.8658715089976,-5.08895673792985,-4.49491946060042,-4.31159023840449
-4.09859417529008,-4.64288994842223,-3.84018309500858,-5.07093634028618,-4.35700525557159,-4.21484355655828
-4.00971353426683,-4.59723300456558,-3.81227152836103,-5.05659849554624,-4.20715554017262,-4.13786751358493
-3.91542384726482,-4.5641606627057,-3.78266133594304,-5.04621264702641,-4.04818635858659,-4.08210867838499
-3.81749704907819,-4.54429443337175,-3.75190896599274,-5.03997397032802,-3.88308513216363,-4.04861489641549
-3.71777344492161,-4.53797547071421,-3.71589394706477,-5.03797193818954,-3.71965294277845,-4.03797900323889
-3.61777415142655,-4.53759957114284,-3.61589465356971,-5.03759603861817,-3.61965364928339,-4.03760310366752
-3.51777485793148,-4.53722367157148,-3.51589536007464,-5.0372201390468,-3.51965435578832,-4.03722720409615
-3.41777556443641,-4.53684777200011,-3.41589606657957,-5.03684423947544,-3.41965506229325,-4.03685130452478
-3.31777627094135,-4.53647187242874,-3.31589677308451,-5.03646833990407,-3.31965576879819,-4.03647540495341
-3.21777697744629,-4.53609597285737,-3.21589747958945,-5.0360924403327,-3.21965647530313,-4.03609950538205
-3.11777768395122,-4.53572007328601,-3.11589818609438,-5.03571654076133,-3.11965718180806,-4.03572360581068
-3.01777839045615,-4.53534417371464,-3.01589889259931,-5.03534064118996,-3.01965788831299,-4.03534770623931
-2.91777909696109,-4.53496827414327,-2.91589959910425,-5.0349647416186,-2.91965859481792,-4.03497180666794
-2.81777980346602,-4.5345923745719,-2.81590030560918,-5.03458884204723,-2.81965930132286,-4.03459590709657
-2.71778050997096,-4.53421647500053,-2.71590101211412,-5.03421294247586,-2.7196600078278,-4.03422000752521
-2.61778121647589,-4.53384057542917,-2.61590171861905,-5.03383704290449,-2.61966071433273,-4.03384410795384
-2.51778192298082,-4.5334646758578,-2.51590242512398,-5.03346114333312,-2.51966142083766,-4.03346820838247
-2.41778262948576,-4.53308877628643,-2.41590313162892,-5.03308524376176,-2.4196621273426,-4.0330923088111
-2.31778333599069,-4.53271287671506,-2.31590383813385,-5.03270934419039,-2.31966283384753,-4.03271640923973
-2.21778404249563,-4.53233697714369,-2.21590454463879,-5.03233344461902,-2.21966354035247,-4.03234050966837
-2.11778474900056,-4.53196107757233,-2.11590525114372,-5.03195754504765,-2.1196642468574,-4.031964610097
-2.0177854555055,-4.53158517800096,-2.01590595764866,-5.03158164547629,-2.01966495336234,-4.03158871052563
-1.91778616201043,-4.53120927842959,-1.91590666415359,-5.03120574590492,-1.91966565986727,-4.03121281095426
-1.81778686851536,-4.53083337885822,-1.81590737065852,-5.03082984633355,-1.8196663663722,-4.0308369113829
-1.7177875750203,-4.53045747928685,-1.71590807716346,-5.03045394676218,-1.71966707287714,-4.03046101181153
-1.61778828152524,-4.53008157971549,-1.6159087836684,-5.03007804719081,-1.61966777938208,-4.03008511224016
-1.51782536900823,-4.53223090888565,-1.54318280033404,-5.03158749558152,-1.49246793768242,-4.03287432218977
-1.41816061046409,-4.54023440223374,-1.47281505858594,-5.03723831700755,-1.36350616234223,-4.04323048745993
-1.31913830614712,-4.55408009648122,-1.40290091802851,-5.04701399149231,-1.23537569426573,-4.06114620147012
-1.22110061783,-4.57372014920187,-1.33368196005527,-5.06088074016009,-1.10851927560473,-4.08655955824366
-1.12438630504223,-4.59908669613724,-1.26539736392513,-5.0787906478332,-0.983375246159323,-4.11938274444128
-1.02932955452014,-4.63009208569483,-1.1982830803021,-5.10068182859818,-0.860376028738171,-4.15950234279147
-0.936258825457715,-4.66662918181952,-1.13257101595118,-5.12647863964638,-0.739946634964248,-4.20677972399266
-0.845495714548326,-4.70857173419162,-1.06848823240742,-5.15609194265026,-0.622503196689236,-4.26105152573298
-0.757353844739199,-4.75577481447231,-1.00625616138728,-5.189419411772,-0.508451528091112,-4.32213021717261
-0.672137781538333,-4.80807531708923,-0.946089839653286,-5.22634588724039,-0.39818572342338,-4.38980474693806
-0.590141980618573,-4.86529252283158,-0.888197165975713,-5.26674377327393,-0.292086795261434,-4.46384127238924
-0.511649770355142,-4.92722872330754,-0.832778182759009,-5.31047347897547,-0.190521357951274,-4.54398396763961
-0.436932372812487,-4.99366990410596,-0.780024384815046,-5.35738390067474,-0.0938403608099284,-4.62995590753718
-0.366082111273045,-5.06422670366077,-0.724260062704466,-5.4130942359827,-0.00790415984162413,-4.71535917133884
-0.296308604808659,-5.13586229394705,-0.65448655624008,-5.48472982626898,0.0618693466227622,-4.78699476162513
-0.226535098344273,-5.20749788423334,-0.584713049775694,-5.55636541655527,0.131642853087148,-4.85863035191141
-0.156761591879887,-5.27913347451963,-0.514939543311307,-5.62800100684155,0.201416359551535,-4.9302659421977
-0.0869880854155002,-5.35076906480591,-0.445166036846921,-5.69963659712784,0.271189866015921,-5.00190153248398
-0.0172145789511189,-5.42240465509219,-0.37539253038254,-5.77127218741412,0.340963372480302,-5.07353712277026
0.0525589275132674,-5.49404024537848,-0.305619023918153,-5.8429077777004,0.410736878944689,-5.14517271305655
0.122332433977654,-5.56567583566476,-0.235845517453767,-5.91454336798669,0.480510385409075,-5.21680830334283
0.19210594044204,-5.63731142595105,-0.166072010989381,-5.98617895827297,0.550283891873461,-5.28844389362912
0.261879446906421,-5.70894701623733,-0.0962985045249996,-6.05781454855925,0.620057398337843,-5.3600794839154
0.331652953370813,-5.78058260652362,-0.0265249980606083,-6.12945013884554,0.689830904802234,-5.43171507420169
0.401426459835194,-5.8522181968099,0.0432485084037731,-6.20108572913182,0.759604411266615,-5.50335066448797
0.473584875434952,-5.92141797037508,0.141126276641526,-6.29487650902203,0.806043474228379,-5.54795943172814
0.550677152377267,-5.98507470859184,0.246861303675635,-6.3821841772245,0.8544930010789,-5.58796523995919
0.632282523678112,-6.04283250338525,0.35878621344422,-6.46140121732413,0.905778833912005,-5.62426378944637
0.717950601582565,-6.09437258402843,0.476283281794728,-6.53209042299158,0.959617921370402,-5.65665474506529
0.807208575874038,-6.13941049594638,0.598704031304832,-6.59386165382145,1.01571312044324,-5.68495933807132
0.899563823358623,-6.17769767064769,0.725372810290713,-6.64637398855417,1.07375483642653,-5.70902135274121
0.994506626698982,-6.2090227975975,0.855590521792458,-6.68933760665256,1.13342273160551,-5.72870798854244
1.09151298759251,-6.23321299046033,0.988638481956258,-6.72251538784879,1.19438749322876,-5.74391059307186
1.19004751876752,-6.25013474127607,1.12378238651856,-6.74572422083352,1.25631265101648,-5.75454526171862
1.28956639883609,-6.25969465730308,1.26027636350057,-6.75883601386457,1.31885643417162,-5.76055330074159
1.38952037369581,-6.2618399764615,1.39736708974629,-6.76177840171728,1.38167365764532,-5.76190155120573
1.48946426301188,-6.25853404942484,1.50735072894697,-6.75821402134322,1.47157779707679,-5.75885407750646
1.58940025739555,-6.25495675623782,1.60728672333064,-6.7546367281562,1.57151379146046,-5.75527678431944
1.68933625177924,-6.2513794630508,1.70722271771433,-6.75105943496918,1.67144978584415,-5.75169949113242
1.78927224616291,-6.24780216986379,1.807158712098,-6.74748214178217,1.77138578022782,-5.74812219794541
1.88920824054659,-6.24422487667677,1.90709470648168,-6.74390484859515,1.87132177461149,-5.74454490475839
1.98914423493026,-6.24064758348975,2.00703070086535,-6.74032755540813,1.97125776899517,-5.74096761157137
2.08908022931393,-6.23707029030273,2.10696669524902,-6.73675026222111,2.07119376337884,-5.73739031838435
2.18901622369762,-6.23349299711571,2.20690268963271,-6.73317296903409,2.17112975776253,-5.73381302519733
2.28895221808129,-6.2299157039287,2.30683868401638,-6.72959567584708,2.2710657521462,-5.73023573201032
2.38888821246496,-6.22633841074168,2.40677467840006,-6.72601838266006,2.37100174652987,-5.7266584388233
2.48882420684864,-6.22276111755466,2.50671067278373,-6.72244108947304,2.47093774091355,-5.72308114563628
2.58868900530598,-6.21790957643994,2.63655771410403,-6.71561288838191,2.54082029650792,-5.72020626449797
2.68722148740606,-6.20133632415254,2.80480862779591,-6.68731293307002,2.5696343470162,-5.71535971523505
2.78243148384052,-6.17103155061548,2.9673861712747,-6.63556547143949,2.59747679640633,-5.70649762979148
2.87241548961181,-6.12760113010709,3.121039980313,-6.56140507502181,2.62379099891062,-5.69379718519237
2.95537448139148,-6.07191335404192,3.26269810023846,-6.46631441045378,2.64805086254449,-5.67751229763005
3.02964988485581,-6.00508157148009,3.38952840260529,-6.35219459696665,2.66977136710633,-5.65796854599352
3.09375673406654,-5.9284419302723,3.49899520709172,-6.22132719787758,2.68851826104135,-5.63555666266702
3.14641335995083,-5.84352666385534,3.58890997659855,-6.07632860597637,2.70391674330312,-5.61072472173432
3.18656701432807,-5.75203345776693,3.6574750720173,-5.92009773476641,2.71565895663884,-5.58396918076745
3.21341491718941,-5.65579150832631,3.70331969189142,-5.75575806135368,2.7235101424874,-5.55582495529893
3.22642030643861,-5.55672495205902,3.72552727844012,-5.58659517970264,2.7273133344371,-5.5268547244154
3.2253231692161,-5.45681439701052,3.72365384202405,-5.41599111273822,2.72699249640815,-5.49763768128283
3.21014544025842,-5.35805732504163,3.69773683769745,-5.24735669657255,2.72255404281938,-5.46875795351071
3.18119056336352,-5.26242815677073,3.64829441638044,-5.08406338867808,2.71408671034659,-5.44079292486337
3.13903742472968,-5.17183877757261,3.57631506562259,-4.92937586334626,2.70175978383677,-5.41430169179896
3.08452877945676,-5.0881003138257,3.48323784706679,-4.78638674203028,2.68581971184674,-5.38981388562111
3.01875440259542,-5.0128869236037,3.37092362572002,-4.65795476348881,2.66658517947083,-5.36781908371858
2.94302930160031,-4.94770232573379,3.24161786623558,-4.54664762987666,2.64444073696504,-5.34875702159091
2.85886742577908,-4.89384973639552,3.09790574000941,-4.45469067144306,2.61982911154875,-5.33300880134798
2.76867689048976,-4.85071385916301,2.97672043883414,-4.39605147673811,2.56063334214538,-5.3053762415879
2.67774441400479,-4.80910514949413,2.88578796234917,-4.35444276706924,2.46970086566041,-5.26376753191903
2.5868119375198,-4.76749643982525,2.79485548586418,-4.31283405740036,2.37876838917542,-5.22215882225015
2.49587946103483,-4.72588773015638,2.70392300937921,-4.27122534773149,2.28783591269045,-5.18055011258127
2.40494698454985,-4.68427902048751,2.61299053289423,-4.22961663806261,2.19690343620547,-5.1389414029124
2.31401450806487,-4.64267031081863,2.52205805640925,-4.18800792839373,2.10597095972049,-5.09733269324352
2.22308203157989,-4.60106160114976,2.43112557992427,-4.14639921872486,2.01503848323552,-5.05572398357465
2.13214955509491,-4.55945289148088,2.34019310343929,-4.10479050905598,1.92410600675053,-5.01411527390577
2.04121707860994,-4.517844181812,2.24926062695431,-4.06318179938711,1.83317353026556,-4.9725065642369
1.95028460212496,-4.47623547214313,2.15832815046933,-4.02157308971823,1.74224105378058,-4.93089785456802
1.85935212563997,-4.43462676247425,2.06739567398435,-3.97996438004936,1.6513085772956,-4.88928914489914
1.768419649155,-4.39301805280538,1.97646319749938,-3.93835567038048,1.56037610081062,-4.84768043523027
1.67748717267001,-4.3514093431365,1.88553072101439,-3.8967469607116,1.46944362432564,-4.80607172556139
1.58655469618504,-4.30980063346762,1.79459824452942,-3.85513825104273,1.37851114784066,-4.76446301589252
1.49562221970006,-4.26819192379875,1.70366576804444,-3.81352954137385,1.28757867135568,-4.72285430622364
1.40468974321508,-4.22658321412987,1.61273329155946,-3.77192083170498,1.1966461948707,-4.68124559655477
1.31375726673011,-4.184974504461,1.52180081507449,-3.7303121220361,1.10571371838573,-4.63963688688589
1.22282479024512,-4.14336579479212,1.4308683385895,-3.68870341236723,1.01478124190074,-4.59802817721701
1.13189231376015,-4.10175708512325,1.33993586210453,-3.64709470269835,0.923848765415769,-4.55641946754814
1.04095983727517,-4.06014837545437,1.24900338561955,-3.60548599302948,0.832916288930789,-4.51481075787926
0.950027360790187,-4.01853966578549,1.15807090913457,-3.5638772833606,0.741983812445809,-4.47320204821039
0.859094884305214,-3.97693095611662,1.06713843264959,-3.52226857369173,0.651051335960835,-4.43159333854151
0.768162407820227,-3.93532224644774,0.976205956164605,-3.48065986402285,0.560118859475849,-4.38998462887263
0.677229931335254,-3.89371353677887,0.885273479679632,-3.43905115435397,0.469186382990876,-4.34837591920376
0.586297454850274,-3.85210482710999,0.794341003194652,-3.3974424446851,0.378253906505895,-4.30676720953489
0.495364978365294,-3.81049611744112,0.703408526709672,-3.35583373501622,0.287321430020915,-4.26515849986601
0.40443250188032,-3.76888740777224,0.612476050224698,-3.31422502534735,0.196388953535942,-4.22354979019714
0.313500025395334,-3.72727869810336,0.521543573739712,-3.27261631567847,0.105456477050955,-4.18194108052826
0.22256754891036,-3.68566998843449,0.430611097254738,-3.2310076060096,0.0145240005659817,-4.14033237085938
0.13163507242538,-3.64406127876561,0.339678620769758,-3.18939889634072,-0.0764084759189982,-4.09872366119051
0.0407025959403997,-3.60245256909674,0.248746144284778,-3.14779018667184,-0.167340952403979,-4.05711495152163
-0.0502298805445736,-3.56084385942786,0.157813667799804,-3.10618147700297,-0.258273428888952,-4.01550624185276
-0.14116235702956,-3.51923514975898,0.0668811913148179,-3.06457276733409,-0.349205905373938,-3.97389753218388
-0.232094833514534,-3.47762644009011,-0.0240512851701558,-3.02296405766522,-0.440138381858912,-3.93228882251501
-0.323027309999514,-3.43601773042124,-0.114983761655136,-2.98135534799634,-0.531070858343892,-3.89068011284613
-0.413959786484494,-3.39440902075236,-0.205916238140116,-2.93974663832747,-0.622003334828872,-3.84907140317725
-0.504892262969467,-3.35280031108349,-0.296848714625089,-2.89813792865859,-0.712935811313846,-3.80746269350838
-0.595824739454454,-3.31119160141461,-0.387781191110076,-2.85652921898971,-0.803868287798832,-3.7658539838395
-0.686757215939428,-3.26958289174573,-0.47871366759505,-2.81492050932084,-0.894800764283806,-3.72424527417063
-0.777689692424408,-3.22797418207686,-0.56964614408003,-2.77331179965196,-0.985733240768786,-3.68263656450175
-0.868622168909388,-3.18636547240798,-0.660578620565009,-2.73170308998309,-1.07666571725377,-3.64102785483287
-0.959554645394361,-3.14475676273911,-0.751511097049983,-2.69009438031421,-1.16759819373874,-3.599419145164
-1.05048712187935,-3.10314805307023,-0.84244357353497,-2.64848567064533,-1.25853067022373,-3.55781043549512
-1.14141959836432,-3.06153934340136,-0.933376050019943,-2.60687696097646,-1.3494631467087,-3.51620172582625
-1.2323520748493,-3.01993063373248,-1.02430852650492,-2.56526825130759,-1.44039562319368,-3.47459301615737
-1.32328455133428,-2.9783219240636,-1.1152410029899,-2.52365954163871,-1.53132809967866,-3.4329843064885
-1.41421702781925,-2.93671321439473,-1.20617347947488,-2.48205083196984,-1.62226057616363,-3.39137559681962
-1.50514950430424,-2.89510450472585,-1.29710595595986,-2.44044212230096,-1.71319305264862,-3.34976688715074
-1.59608198078922,-2.85349579505698,-1.38803843244484,-2.39883341263208,-1.80412552913359,-3.30815817748187
-1.6870144572742,-2.8118870853881,-1.47897090892982,-2.35722470296321,-1.89505800561857,-3.26654946781299
-1.77794693375918,-2.77027837571922,-1.5699033854148,-2.31561599329433,-1.98599048210355,-3.22494075814412
-1.86887941024415,-2.72866966605035,-1.66083586189977,-2.27400728362546,-2.07692295858853,-3.18333204847524
-1.95981188672914,-2.68706095638147,-1.75176833838476,-2.23239857395658,-2.16785543507351,-3.14172333880637
-2.05074436321411,-2.6454522467126,-1.84270081486973,-2.1907898642877,-2.25878791155849,-3.10011462913749
-2.14167683969909,-2.60384353704372,-1.93363329135471,-2.14918115461883,-2.34972038804347,-3.05850591946862
-2.23260931618407,-2.56223482737485,-2.02456576783969,-2.10757244494995,-2.44065286452845,-3.01689720979974
-2.32373552107908,-2.52106356857542,-2.13252317491225,-2.05907023672595,-2.51494786724592,-2.98305690042489
-2.4185185169615,-2.48944632343287,-2.29408167467483,-2.00517834773995,-2.54295535924818,-2.97371429912579
-2.51680239168037,-2.47145336733628,-2.46160745503875,-1.97450918639728,-2.57199732832199,-2.96839754827527
-2.6166391086445,-2.46744132986461,-2.63178006948064,-1.96767063113873,-2.60149814780837,-2.9672120285905
-2.71604985313632,-2.47748973164954,-2.80122660987384,-1.98479822562201,-2.63087309639881,-2.97018123767707
-2.81306425343022,-2.50139940823589,-2.9665885592502,-2.02555249217727,-2.65953994761025,-2.9772463242945
-2.90575943456644,-2.53869645762288,-3.12458835932156,-2.08912566042791,-2.68693050981132,-2.98826725481784
-2.99229813071472,-2.58864163324378,-3.27209437335883,-2.1742576777119,-2.71250188807062,-3.00302558877565
-3.07096510072151,-2.65024499621042,-3.40618295683144,-2.27926118396916,-2.73574724461158,-3.02122880845169
-3.14421265343796,-2.71832217775356,-3.4816036506454,-2.34931362093764,-2.80682165623052,-3.08733073456948
-3.2187069919643,-2.78503227408493,-3.54839317041022,-2.40912400902319,-2.88902081351838,-3.16094053914667
-3.2945652363805,-2.85018724457155,-3.61640552967117,-2.46754011520223,-2.97272494308983,-3.23283437394086
-3.3717549283984,-2.91375921065093,-3.6856116272439,-2.5245369443431,-3.0578982295529,-3.30298147695876
-3.45024304002899,-2.97572097109785,-3.75598185116637,-2.58009010859556,-3.14450422889161,-3.37135183360013
-3.52999598771438,-3.03604601366319,-3.82748609136917,-2.63417583782593,-3.23250588405959,-3.43791618950044
-3.61097964669758,-3.09470852641801,-3.90009375255906,-2.68677098978781,-3.32186554083609,-3.50264606304821
-3.69315936562386,-3.15168340879802,-3.97377376731017,-2.73785306002423,-3.41254496393756,-3.56551375757182
-3.77649998136734,-3.20694628234359,-4.04849460935702,-2.78740019149688,-3.50450535337767,-3.62649237319031
-3.8609658340767,-3.26047350113085,-4.12422430708417,-2.83539118393832,-3.59770736106923,-3.68555581832339
-3.94652078243326,-3.31224216188931,-4.20093045720615,-2.88180550292315,-3.69211110766038,-3.74267882085548
-4.03312821911521,-3.36223011380174,-4.27858023863221,-2.92662328865431,-3.78767619959821,-3.79783693894917
-4.12075108646118,-3.41041596798209,-4.35714042650991,-2.96982536446072,-3.88436174641246,-3.85100657150346
-4.20935189232646,-3.45677910662735,-4.43657740644128,-3.01139324500256,-3.98212637821164,-3.90216496825213
-4.29889272612524,-3.50129969183955,-4.51685718886593,-3.05130914418086,-4.08092826338456,-3.95129023949824
-4.38933527505176,-3.54395867411401,-4.59794542360436,-3.08955598274779,-4.18072512649916,-3.99836136548022
-4.48064084047364,-3.58473780049022,-4.67980741455588,-3.12611739561453,-4.2814742663914,-4.04335820536592
-4.57277035449032,-3.62361962236201,-4.76240813454435,-3.16097773885363,-4.3831325744363,-4.08626150587039
-4.6656843966494,-3.66058750294337,-4.84571224030561,-3.19412209639269,-4.4856565529932,-4.12705290949406
-4.75934321081397,-3.6956256243871,-4.92968408761024,-3.22553628639668,-4.58900233401769,-4.16571496237753
-4.85370672217342,-3.72871899455293,-5.01428774651503,-3.25520686733611,-4.69312569783181,-4.20223112176975
-4.94873455439075,-3.75985345342234,-5.09948701673666,-3.28312114373834,-4.79798209204484,-4.23658576310635
-5.04438604687882,-3.78901567915743,-5.18524544314121,-3.30926717161979,-4.90352665061643,-4.26876418669508
-5.14062027219816,-3.81619319380102,-5.27152633134247,-3.3336337635965,-5.00971421305386,-4.29875262400553
-5.23739605356917,-3.84137436861573,-5.35829276340294,-3.35621049367102,-5.11649934373541,-4.32653824356044
-5.33467198249075,-3.86454842905974,-5.44550761363013,-3.37698770169347,-5.22383635135136,-4.35210915642602
-5.43240643645825,-3.88570545939697,-5.53313356446206,-3.39595649749496,-5.33167930845444,-4.37545442129899
-5.530557596773,-3.90483640693985,-5.6211331224347,-3.41310876469152,-5.43998207111129,-4.39656404918818
-5.6290834664356,-3.92193308592277,-5.70946863422463,-3.42843716415691,-5.54869829864657,-4.41542900768862
-5.72794188811577,-3.93698818100463,-5.79810230276028,-3.44193513716295,-5.65778147347125,-4.43204122484631
-5.82709056219056,-3.94999525039896,-5.88699620339452,-3.45359690818583,-5.76718492098659,-4.44639359261209
-5.92648706484359,-3.96094872863017,-5.97611230013188,-3.46341748737734,-5.8768618295553,-4.458479969883
-6.02608886621743,-3.96984392891498,-6.06541246190347,-3.47139267269997,-5.98676527053139,-4.46829518512999
-6.12585334861118,-3.97667704516775,-6.15485847888244,-3.47751905172484,-6.09684821833991,-4.47583503861066
-6.22573782471592,-3.98144515362908,-6.24441207883336,-3.48179400309187,-6.20706357059848,-4.48109630416629
-6.3256995558797,-3.98414621411678,-6.33403494348808,-3.48421569763132,-6.31736416827132,-4.48407673060224
-6.4256957703946,-3.98477907089887,-6.4236887249414,-3.48478309914655,-6.4277028158478,-4.48477504265119
-6.52568368179797,-3.98334345318807,-6.51333506205945,-3.48349596485732,-6.53803230153649,-4.48319094151881
-6.62562050717985,-3.97983997525766,-6.6029355968936,-3.48035484550372,-6.6483054174661,-4.47932510501159
-6.72546348548905,-3.97427013617867,-6.69245199109318,-3.47536108511049,-6.75847497988492,-4.47317918724685
-6.82516989582974,-3.96663631917844,-6.78184594230967,-3.46851682041194,-6.8684938493498,-4.46475581794494
-6.92469707574087,-3.95694179062087,-6.87107920058555,-3.45982497993768,-6.97831495089619,-4.45405860130406
-7.02400243945071,-3.94519069860883,-6.96011358472074,-3.44928928275958,-7.08789129418068,-4.44109211445808
-7.12304349609837,-3.93138807120926,-7.04891099860956,-3.43691423690044,-7.19717599358718,-4.42586190551809
-7.22177786791494,-3.91553981430175,-7.13743344754141,-3.42270513740507,-7.30612228828846,-4.40837449119842
-7.32016330835601,-3.89765270905151,-7.22564305445786,-3.40666806407467,-7.41468356225416,-4.38863735402834
-7.41815772017826,-3.87773440900789,-7.31350207615963,-3.38880987886541,-7.5228133641969,-4.36665893915036
-7.51571917345202,-3.85579343682951,-7.4009729194561,-3.36913822295227,-7.63046542744794,-4.34244865070675
-7.61280592350223,-3.83183918063765,-7.48801815725075,-3.34766151345961,-7.73759368975371,-4.31601684781569
-7.70937642877028,-3.80588188999918,-7.57460054455551,-3.32438893985959,-7.84415231298505,-4.28737484013877
-7.80538936858881,-3.77793267154101,-7.66068303442715,-3.29933046004017,-7.95009570275047,-4.25653488304184
-7.90080366086198,-3.74800348419776,-7.74622879381894,-3.27249679604435,-8.05537852790501,-4.22351017235117
-7.9955784796438,-3.71610713409478,-7.83120121934088,-3.24389942948239,-8.15995573994672,-4.18831483870718
-8.08967327260669,-3.68225726906865,-7.9155639529215,-3.21355059661907,-8.26378259229189,-4.15096394151823
-8.1830477783931,-3.64646837282749,-7.99928089736482,-3.181463283138,-8.36681465942138,-4.11147346251699
-8.27566204384256,-3.60875575875373,-8.08231623179569,-3.14765121858531,-8.46900785588944,-4.06986029892216
-8.36747644108682,-3.56913556335177,-8.16463442698675,-3.11212887049506,-8.57031845518689,-4.02614225620848
-8.45845168450595,-3.52762473934345,-8.24620026056084,-3.07491143819881,-8.67070310845106,-3.98033804048808
-8.54854884753779,-3.48424104841436,-8.32697883206184,-3.03601484632218,-8.77011886301375,-3.93246725050655
-8.637729379334,-3.43900305361394,-8.40693557788802,-2.99545573797094,-8.86852318077998,-3.88255036925694
-8.72595512125513,-3.39193011141267,-8.48603628608108,-2.9532514676098,-8.96587395642918,-3.83060875521554
-8.81318832319802,-3.34304236341986,-8.56424711096481,-2.90942009363675,-9.06212953543123,-3.77666463320298
-8.89939165974835,-3.29236072776541,-8.64153458762703,-2.86398037065619,-9.15724873186967,-3.72074108487462
-8.9845282461514,-3.23990689014935,-8.71786564623849,-2.81695174145426,-9.25119084606431,-3.66286203884444
-9.06856165409445,-3.18570329456294,-8.79320762620295,-2.76835432867956,-9.34391568198594,-3.60305226044633
-9.15145592729365,-3.12977313368534,-8.86752829013194,-2.71820892623313,-9.43538356445536,-3.54133734113755
-9.23317559687906,-3.07214033895987,-8.94079583763851,-2.66653699037108,-9.52555535611961,-3.47774368754866
-9.31368569657113,-3.01282957035423,-9.01297891894408,-2.61336063052392,-9.61439247419819,-3.41229851018454
-9.39295177764205,-2.95186620580898,-9.08404664829231,-2.55870259983633,-9.70185690699178,-3.34502981178164
-9.47093992365571,-2.88927633037878,-9.15396861716461,-2.50258628543151,-9.78791123014681,-3.27596637532606
-9.54761676497995,-2.8250867250711,-9.22271490729132,-2.44503569840431,-9.87251862266858,-3.20513775173788
-9.6229494930647,-2.75932485538716,-9.29025610345316,-2.38607546354736,-9.95564288267623,-3.13257424722697
-9.69690587448019,-2.69201885956996,-9.35656330606746,-2.3257308088145,-10.0372484428929,-3.05830691032541
-9.76945426470898,-2.62319753656446,-9.42160814355372,-2.26402755452637,-10.1173003858642,-2.98236751860254
-9.84056362168609,-2.55289033369506,-9.48536278447327,-2.20099210232225,-10.1957644588989,-2.90478856506787
-9.91020351908125,-2.48112733406565,-9.54779994943782,-2.13665142386335,-10.2726070887247,-2.82560324426794
-9.97834415931776,-2.40793924368767,-9.60889292278175,-2.07103304929223,-10.3477953958538,-2.74484543808311
-10.0449563863223,-2.33335737834153,-9.66861556399332,-2.00416505545305,-10.4212972086514,-2.66254970123001
-10.1100116980004,-2.25741365017726,-9.72694231889954,-1.93607605387814,-10.4930810771012,-2.57875124647637
-10.1734822584315,-2.18014055405983,-9.78384823060049,-1.8667951785456,-10.5631162862626,-2.49348592957407
-10.2353409097801,-2.1015711536653,-9.83930895014777,-1.79635207341345,-10.6313728694124,-2.40679023391714
-10.2955611839153,-2.02173906733345,-9.89330074696298,-1.72477687973558,-10.6978216208677,-2.31870125493133
-10.3541173137367,-1.94067845368318,-9.94580051899163,-1.65210022316484,-10.7624341084818,-2.22925668420152
-10.4109842441992,-1.85842399699666,-9.99678580258796,-1.57835320064894,-10.8251826858104,-2.13849479334438
-10.4661376430336,-1.7750108923786,-10.0462347821268,-1.50356736712465,-10.8860405039404,-2.04645441763254
-10.5195539111584,-1.69047483069693,-10.0941262993381,-1.42777472201604,-10.9449815229786,-1.95317493937782
-10.5712101927765,-1.60485198331141,-10.14043986236,-1.35100769554257,-11.001980523193,-1.85869627108026
-10.6210843851557,-1.51817898659653,-10.185155654507,-1.27329913484278,-11.0570131158045,-1.76305883835028
-10.6691551480855,-1.43049292626556,-10.228254542749,-1.19468228991968,-11.1100557534221,-1.66630356261145
-10.7154019130082,-1.34183132150226,-10.2697180858982,-1.11519079941365,-11.1610857401182,-1.56847184359087
-10.7598048918199,-1.25223210890712,-10.3095285424997,-1.03485867620915,-11.21008124114,-1.46960554160509
-10.8023450853374,-1.16173362626509,-10.3476688784224,-0.953720292881285,-11.2570212922523,-1.36974695964889
-10.8430042914277,-1.07037459614148,-10.3841227741481,-0.871810366988349,-11.3018858087072,-1.2689388252946
-10.8817651127961,-0.978194109313404,-10.4188746317536,-0.78916394621696,-11.3446555938386,-1.16722427240985
-10.9186109644305,-0.885231608043534,-10.4519095815857,-0.705816393385737,-11.3853123472754,-1.06464682270133
-10.9517768636578,-0.790935719390752,-10.470485374763,-0.655442167081203,-11.4330683525525,-0.926429271700301
-10.9710416438304,-0.692918537923737,-10.4742714479237,-0.636179023836798,-11.4678118397371,-0.749658052010676
-10.9743751175932,-0.593081733234726,-10.4749265696241,-0.616558273260174,-11.4738236655623,-0.569605193209279
-10.961691390809,-0.493997815807623,-10.4724338592415,-0.59708548628499,-11.4509489223765,-0.390910145330256
-10.9333172870399,-0.398219896363041,-10.4668575468322,-0.578262421243757,-11.3997770272475,-0.218177371482326
-10.8899839262333,-0.308215899457073,-10.4583413181059,-0.560574094982793,-11.3216265343607,-0.0558577039313521
-10.8328078858412,-0.226304972085207,-10.4471046120536,-0.544476285357679,-11.2185111596288,0.091866341187265
-10.7632624297946,-0.154597725860689,-10.4334369666289,-0.530383787134298,-11.0930878929603,0.22118833541292
-10.6831395466826,-0.0949418525566996,-10.4176905581784,-0.518659723907572,-10.9485885351868,0.328776018794173
-10.5945037753039,-0.0488745143448057,-10.4002711268594,-0.509606191439259,-10.7887364237483,0.411857162749648
-10.4996390073737,-0.0175827354981017,-10.3816275218696,-0.503456473509458,-10.6176504928777,0.468291002513254
-10.400989638131,-0.00187281615203294,-10.3622401358802,-0.500369030857138,-10.4397391403818,0.496623398553073
-10.3010380456594,-1.2011655950924e-06,-10.3010379914007,-0.500001201165592,-10.301038099918,0.499998798834402
-10.2010380456594,-1.19031386266635e-06,-10.2010379914007,-0.50000119031386,-10.201038099918,0.499998809686134
-10.1010380456594,-1.1794621302403e-06,-10.1010379914007,-0.500001179462127,-10.1010380999181,0.499998820537867
-10.0010380456594,-1.16861039781424e-06,-10.0010379914007,-0.500001168610395,-10.001038099918,0.499998831389599
-9.90103804565939,-1.15775866538818e-06,-9.90103799140073,-0.500001157758662,-9.90103809991805,0.499998842241332
-9.80103804565938,-1.14690693296213e-06,-9.80103799140072,-0.50000114690693,-9.80103809991804,0.499998853093064
-9.70103804565939,-1.13605520053607e-06,-9.70103799140073,-0.500001136055198,-9.70103809991805,0.499998863944797
-9.60103804565939,-1.12520346811002e-06,-9.60103799140073,-0.500001125203465,-9.60103809991806,0.499998874796529
-9.50103804565939,-1.11435173568396e-06,-9.50103799140073,-0.500001114351733,-9.50103809991805,0.499998885648261
-9.40103804565939,-1.10350000325791e-06,-9.40103799140073,-0.5000011035,-9.40103809991805,0.499998896499994
-9.30103804565939,-1.09264827083185e-06,-9.30103799140072,-0.500001092648268,-9.30103809991805,0.499998907351726
-9.20103804565939,-1.0817965384058e-06,-9.20103799140073,-0.500001081796535,-9.20103809991805,0.499998918203459
-9.10103804565938,-1.07094480597974e-06,-9.10103799140072,-0.500001070944803,-9.10103809991804,0.499998929055191
-9.00103804565939,-1.06009307355369e-06,-9.00103799140073,-0.500001060093071,-9.00103809991805,0.499998939906924
-8.9010380456594,-1.04924134112763e-06,-8.90103799140073,-0.500001049241338,-8.90103809991806,0.499998950758656
-8.80103804565939,-1.03838960870158e-06,-8.80103799140073,-0.500001038389606,-8.80103809991805,0.499998961610388
-8.70103804565939,-1.02753787627552e-06,-8.70103799140073,-0.500001027537873,-8.70103809991806,0.499998972462121
-8.60103804565939,-1.01668614384947e-06,-8.60103799140072,-0.500001016686141,-8.60103809991805,0.499998983313853
-8.50103804565939,-1.00583441142341e-06,-8.50103799140073,-0.500001005834408,-8.50103809991805,0.499998994165586
-8.4010380456594,-9.94982678997358e-07,-8.40103799140074,-0.500000994982676,-8.40103809991806,0.499999005017318
-8.30103804565939,-9.84130946571302e-07,-8.30103799140073,-0.500000984130944,-8.30103809991805,0.49999901586905
-8.2010380456594,-9.73279214145247e-07,-8.20103799140074,-0.500000973279211,-8.20103809991806,0.499999026720783
-8.10103804565939,-9.62427481719191e-07,-8.10103799140073,-0.500000962427479,-8.10103809991805,0.499999037572515
-8.0010380456594,-9.51575749293137e-07,-8.00103799140073,-0.500000951575746,-8.00103809991806,0.499999048424248
-7.9010380456594,-9.40724016867082e-07,-7.90103799140074,-0.500000940724014,-7.90103809991806,0.49999905927598
-7.80103804565939,-9.29872284441026e-07,-7.80103799140073,-0.500000929872282,-7.80103809991806,0.499999070127713
-7.7010380456594,-9.19020552014971e-07,-7.70103799140074,-0.500000919020549,-7.70103809991806,0.499999080979445
-7.60103804565939,-9.08168819588915e-07,-7.60103799140073,-0.500000908168817,-7.60103809991805,0.499999091831177
-7.5010380456594,-8.97317087162861e-07,-7.50103799140074,-0.500000897317084,-7.50103809991806,0.49999910268291
-7.4010380456594,-8.86465354736806e-07,-7.40103799140074,-0.500000886465352,-7.40103809991807,0.499999113534642
-7.3010380456594,-8.7561362231075e-07,-7.30103799140073,-0.500000875613619,-7.30103809991806,0.499999124386375
-7.2010380456594,-8.64761889884696e-07,-7.20103799140074,-0.500000864761887,-7.20103809991807,0.499999135238107
-7.1010380456594,-8.5391015745864e-07,-7.10103799140073,-0.500000853910154,-7.10103809991806,0.49999914608984
-7.0010380456594,-8.43058425032585e-07,-7.00103799140074,-0.500000843058422,-7.00103809991806,0.499999156941572
-6.90103804565941,-8.32206692606531e-07,-6.90103799140075,-0.50000083220669,-6.90103809991807,0.499999167793304
-6.8010380456594,-8.21354960180475e-07,-6.80103799140074,-0.500000821354957,-6.80103809991806,0.499999178645037
-6.70103804565941,-8.1050322775442e-07,-6.70103799140074,-0.500000810503225,-6.70103809991807,0.499999189496769
-6.6010380456594,-7.99651495328364e-07,-6.60103799140074,-0.500000799651492,-6.60103809991806,0.499999200348502
-6.5010380456594,-7.88799762902309e-07,-6.50103799140074,-0.50000078879976,-6.50103809991807,0.499999211200234
-6.40103804565941,-7.77948030476255e-07,-6.40103799140075,-0.500000777948028,-6.40103809991807,0.499999222051967
-6.3010380456594,-7.67096298050199e-07,-6.30103799140074,-0.500000767096295,-6.30103809991807,0.499999232903699
-6.20103804565941,-7.56244565624144e-07,-6.20103799140075,-0.500000756244563,-6.20103809991807,0.499999243755431
-6.1010380456594,-7.45392833198088e-07,-6.10103799140074,-0.50000074539283,-6.10103809991806,0.499999254607164
-6.00103804565941,-7.34541100772034e-07,-6.00103799140074,-0.500000734541098,-6.00103809991807,0.499999265458896
-5.90103804565941,-7.23689368345979e-07,-5.90103799140075,-0.500000723689365,-5.90103809991808,0.499999276310629
-5.80103804565941,-7.12837635919923e-07,-5.80103799140074,-0.500000712837633,-5.80103809991807,0.499999287162361
-5.70103804565941,-7.01985903493869e-07,-5.70103799140075,-0.500000701985901,-5.70103809991807,0.499999298014094
-5.6010380456594,-6.91134171067812e-07,-5.60103799140074,-0.500000691134168,-5.60103809991807,0.499999308865826
-5.50103804565941,-6.80282438641758e-07,-5.50103799140075,-0.500000680282436,-5.50103809991807,0.499999319717558
-5.40103804565942,-6.69430706215703e-07,-5.40103799140075,-0.500000669430703,-5.40103809991808,0.499999330569291
-5.30103804565941,-6.58578973789647e-07,-5.30103799140075,-0.500000658578971,-5.30103809991807,0.499999341421023
-5.20103804565941,-6.47727241363593e-07,-5.20103799140075,-0.500000647727238,-5.20103809991808,0.499999352272756
-5.10103804565941,-6.36875508937537e-07,-5.10103799140074,-0.500000636875506,-5.10103809991807,0.499999363124488
-5.00103804565941,-6.26023776511482e-07,-5.00103799140075,-0.500000626023774,-5.00103809991808,0.499999373976221
-4.90103804565942,-6.15172044085428e-07,-4.90103799140076,-0.500000615172041,-4.90103809991808,0.499999384827953
-4.80103804565941,-6.04320311659372e-07,-4.80103799140075,-0.500000604320309,-4.80103809991807,0.499999395679685
-4.70103804565942,-5.93468579233317e-07,-4.70103799140075,-0.500000593468576,-4.70103809991808,0.499999406531418
-4.60103804565941,-5.82616846807261e-07,-4.60103799140075,-0.500000582616844,-4.60103809991807,0.49999941738315
-4.50103804565942,-5.71765114381206e-07,-4.50103799140075,-0.500000571765111,-4.50103809991808,0.499999428234883
-4.40103804565942,-5.60913381955152e-07,-4.40103799140076,-0.500000560913379,-4.40103809991808,0.499999439086615
-4.30103804565941,-5.50061649529096e-07,-4.30103799140075,-0.500000550061647,-4.30103809991808,0.499999449938348
-4.20103804565942,-5.39209917103041e-07,-4.20103799140076,-0.500000539209914,-4.20103809991808,0.49999946079008
-4.10103804565941,-5.28358184676985e-07,-4.10103799140075,-0.500000528358182,-4.10103809991807,0.499999471641812
-4.00103804565942,-5.17506452250931e-07,-4.00103799140076,-0.500000517506449,-4.00103809991808,0.499999482493545
-3.90103804565943,-5.06654719824876e-07,-3.90103799140076,-0.500000506654717,-3.90103809991809,0.499999493345277
-3.80103804565942,-4.9580298739882e-07,-3.80103799140075,-0.500000495802984,-3.80103809991808,0.49999950419701
-3.70103804565942,-4.84951254972766e-07,-3.70103799140076,-0.500000484951252,-3.70103809991809,0.499999515048742
-3.60103804565942,-4.7409952254671e-07,-3.60103799140075,-0.50000047409952,-3.60103809991808,0.499999525900475
-3.50103804565942,-4.63247790120655e-07,-3.50103799140076,-0.500000463247787,-3.50103809991808,0.499999536752207
-3.40103804565943,-4.523960576946e-07,-3.40103799140077,-0.500000452396055,-3.40103809991809,0.499999547603939
-3.30103804565942,-4.41544325268544e-07,-3.30103799140076,-0.500000441544322,-3.30103809991808,0.499999558455672
-3.20103804565943,-4.3069259284249e-07,-3.20103799140076,-0.50000043069259,-3.20103809991809,0.499999569307404
-3.10103804565942,-4.19840860416434e-07,-3.10103799140076,-0.500000419840858,-3.10103809991808,0.499999580159137
-3.00103804565943,-4.08989127990379e-07,-3.00103799140076,-0.500000408989125,-3.00103809991809,0.499999591010869
-2.90103804565943,-3.98137395564325e-07,-2.90103799140077,-0.500000398137393,-2.90103809991809,0.499999601862602
-2.80103804565942,-3.87285663138269e-07,-2.80103799140076,-0.50000038728566,-2.80103809991809,0.499999612714334
-2.70103804565943,-3.76433930712214e-07,-2.70103799140077,-0.500000376433928,-2.70103809991809,0.499999623566066
-2.60103804565942,-3.65582198286158e-07,-2.60103799140076,-0.500000365582195,-2.60103809991808,0.499999634417799
-2.50103804565943,-3.54730465860104e-07,-2.50103799140077,-0.500000354730463,-2.50103809991809,0.499999645269531
-2.40103804565943,-3.43878733434049e-07,-2.40103799140077,-0.50000034387873,-2.4010380999181,0.499999656121264
-2.30103804565943,-3.33027001007993e-07,-2.30103799140076,-0.500000333026998,-2.30103809991809,0.499999666972996
-2.20103804565943,-3.22175268581938e-07,-2.20103799140077,-0.500000322175266,-2.20103809991809,0.499999677824728
-2.10103804565942,-3.11323536155882e-07,-2.10103799140076,-0.500000311323533,-2.10103809991809,0.499999688676461
-2.00103804565943,-3.00471803729828e-07,-2.00103799140077,-0.500000300471801,-2.00103809991809,0.499999699528193
-1.90103804565944,-2.89620071303773e-07,-1.90103799140077,-0.500000289620068,-1.9010380999181,0.499999710379926
-1.80103804565943,-2.78768338877717e-07,-1.80103799140077,-0.500000278768336,-1.80103809991809,0.499999721231658
-1.70103804565944,-2.67916606451663e-07,-1.70103799140077,-0.500000267916603,-1.7010380999181,0.499999732083391
-1.60103804565943,-2.57064874025607e-07,-1.60103799140077,-0.500000257064871,-1.60103809991809,0.499999742935123
-1.50103804565943,-2.46213141599552e-07,-1.50103799140077,-0.500000246213139,-1.5010380999181,0.499999753786855
-1.40103804565944,-2.35361409173498e-07,-1.40103799140078,-0.500000235361406,-1.4010380999181,0.499999764638588
-1.30103804565943,-2.24509676747441e-07,-1.30103799140077,-0.500000224509674,-1.30103809991809,0.49999977549032
-1.20103804565944,-2.13657944321387e-07,-1.20103799140078,-0.500000213657941,-1.2010380999181,0.499999786342053
-1.10103804565943,-2.02806211895331e-07,-1.10103799140077,-0.500000202806209,-1.10103809991809,0.499999797193785
-1.00103804565944,-1.91954479469276e-07,-1.00103799140077,-0.500000191954477,-1.0010380999181,0.499999808045518
-0.901038045659442,-1.81102747043222e-07,-0.90103799140078,-0.500000181102744,-0.901038099918104,0.49999981889725
-0.801038045659435,-1.70251014617166e-07,-0.801037991400773,-0.500000170251012,-0.801038099918098,0.499999829748982
-0.701038045659441,-1.59399282191111e-07,-0.701037991400779,-0.500000159399279,-0.701038099918103,0.499999840600715
-0.601038045659433,-1.48547549765055e-07,-0.601037991400771,-0.500000148547547,-0.601038099918095,0.499999851452447
-0.50103804565944,-1.37695817339001e-07,-0.501037991400778,-0.500000137695814,-0.501038099918102,0.49999986230418
-0.401038045659446,-1.26844084912946e-07,-0.401037991400784,-0.500000126844082,-0.401038099918108,0.499999873155912
-0.301038045659441,-1.01218107388467e-07,-0.301037858160538,-0.500000101218072,-0.301038233158344,0.499999898781857
-0.201038045659456,-5.84072747167343e-08,-0.201037821461968,-0.500000058407225,-0.201038269856944,0.499999941592675
-0.101038045659455,-1.81038866378366e-08,-0.101037883234999,-0.50000001810386,-0.101038208083912,0.499999981896087
-0.00103804565946314,-2.26653603181828e-12,-0.00103804347965465,-0.500000000002267,-0.00103804783927156,0.499999999997733
0,0,3.06161699786838e-17,-0.5,3.06161699786838e-17,0.5
